Address,InputData,Gas,Status,Time_us
1,0x,3000,Success,0
2,0x,60,Success,1
3,0x,600,Success,1
4,0x,15,Success,0
5,0x,0,Success,3
6,0x,0,Success,3
7,0x,0,Success,3
8,0x,0,Success,3
1,0x,3000,Success,0
2,0x,60,Success,0
3,0x,600,Success,0
4,0x,15,Success,0
5,0x,0,Success,2
6,0x,0,Success,2
7,0x,0,Success,3
8,0x,0,Success,2
1,0x,3000,Success,0
2,0x,60,Success,0
3,0x,600,Success,0
4,0x,15,Success,0
5,0x,0,Success,2
6,0x,0,Success,2
7,0x,0,Success,3
8,0x,0,Success,2
1,0x,3000,Success,0
2,0x,60,Success,0
3,0x,600,Success,0
4,0x,15,Success,0
5,0x,0,Success,0
6,0x,500,Success,3
7,0x,40000,Success,5
8,0x,26488,Revert_or_Error,0
1,0x,3000,Success,0
2,0x,60,Success,0
3,0x,600,Success,0
4,0x,15,Success,0
5,0x,0,Success,0
6,0x,500,Success,1
7,0x,40000,Success,2
8,0x,26512,Revert_or_Error,0
1,0x,3000,Success,0
2,0x,60,Success,0
3,0x,600,Success,0
4,0x,15,Success,0
5,0x,0,Success,0
6,0x,500,Success,1
7,0x,40000,Success,2
8,0x,26488,Revert_or_Error,0
1,0x,3000,Success,0
2,0x,60,Success,0
3,0x,600,Success,0
4,0x,15,Success,0
5,0x,0,Success,0
6,0x,500,Success,1
7,0x,40000,Success,2
8,0x,26512,Revert_or_Error,0
1,0x,3000,Success,0
2,0x,60,Success,0
3,0x,600,Success,0
4,0x,15,Success,0
5,0x,0,Success,0
6,0x,500,Success,1
7,0x,40000,Success,2
8,0x,26488,Revert_or_Error,0
1,0x,3000,Success,0
2,0x,60,Success,0
3,0x,600,Success,0
4,0x,15,Success,0
5,0x,0,Success,0
6,0x,500,Success,1
7,0x,40000,Success,2
8,0x,26512,Revert_or_Error,0
1,0x,3000,Success,0
2,0x,60,Success,0
3,0x,600,Success,0
4,0x,15,Success,0
5,0x,0,Success,0
6,0x,500,Success,1
7,0x,40000,Success,2
8,0x,26488,Revert_or_Error,0
1,0x,3000,Success,0
2,0x,60,Success,0
3,0x,600,Success,0
4,0x,15,Success,0
5,0x,0,Success,0
6,0x,500,Success,1
7,0x,40000,Success,2
8,0x,26512,Revert_or_Error,0
1,0x,3000,Success,0
2,0x,60,Success,0
3,0x,600,Success,0
4,0x,15,Success,0
5,0x,0,Success,0
6,0x,500,Success,1
7,0x,40000,Success,2
8,0x,26488,Revert_or_Error,0
1,0x,3000,Success,0
2,0x,60,Success,0
3,0x,600,Success,0
4,0x,15,Success,0
5,0x,0,Success,0
6,0x,500,Success,1
7,0x,40000,Success,2
8,0x,26512,Revert_or_Error,0
1,0x,3000,Success,0
2,0x,60,Success,0
3,0x,600,Success,0
4,0x,15,Success,0
5,0x,0,Success,0
6,0x,500,Success,1
7,0x,40000,Success,4
8,0x,26488,Revert_or_Error,0
1,0x,3000,Success,0
2,0x,60,Success,0
3,0x,600,Success,0
4,0x,15,Success,0
5,0x,0,Success,0
6,0x,500,Success,1
7,0x,40000,Success,2
8,0x,26512,Revert_or_Error,0
1,0x,3000,Success,0
2,0x,60,Success,0
3,0x,600,Success,0
4,0x,15,Success,0
5,0x,0,Success,3
6,0x,0,Success,3
7,0x,0,Success,3
8,0x,0,Success,3
1,0x,3000,Success,0
2,0x,60,Success,0
3,0x,600,Success,0
4,0x,15,Success,0
5,0x,0,Success,3
6,0x,0,Success,2
7,0x,0,Success,2
8,0x,0,Success,2
1,0x,3000,Success,0
2,0x,60,Success,0
3,0x,600,Success,0
4,0x,15,Success,0
5,0x,0,Success,2
6,0x,0,Success,2
7,0x,0,Success,2
8,0x,0,Success,3
1,0x,3000,Success,0
2,0x,60,Success,0
3,0x,600,Success,0
4,0x,15,Success,0
5,0x,0,Success,0
6,0x,500,Success,2
7,0x,40000,Success,5
8,0x,26488,Revert_or_Error,0
1,0x,3000,Success,0
2,0x,60,Success,0
3,0x,600,Success,0
4,0x,15,Success,0
5,0x,0,Success,0
6,0x,500,Success,1
7,0x,40000,Success,2
8,0x,26512,Revert_or_Error,0
1,0x,3000,Success,0
2,0x,60,Success,0
3,0x,600,Success,0
4,0x,15,Success,0
5,0x,0,Success,0
6,0x,500,Success,1
7,0x,40000,Success,2
8,0x,26488,Revert_or_Error,0
1,0x,3000,Success,0
2,0x,60,Success,0
3,0x,600,Success,0
4,0x,15,Success,0
5,0x,0,Success,0
6,0x,500,Success,1
7,0x,40000,Success,2
8,0x,26512,Revert_or_Error,0
1,0x,3000,Success,0
2,0x,60,Success,0
3,0x,600,Success,0
4,0x,15,Success,0
5,0x,0,Success,0
6,0x,500,Success,1
7,0x,40000,Success,3
8,0x,26488,Revert_or_Error,0
1,0x,3000,Success,0
2,0x,60,Success,0
3,0x,600,Success,0
4,0x,15,Success,0
5,0x,0,Success,0
6,0x,500,Success,1
7,0x,40000,Success,2
8,0x,26512,Revert_or_Error,0
1,0x,3000,Success,0
2,0x,60,Success,0
3,0x,600,Success,0
4,0x,15,Success,0
5,0x,0,Success,0
6,0x,500,Success,1
7,0x,40000,Success,2
8,0x,26488,Revert_or_Error,0
1,0x,3000,Success,0
2,0x,60,Success,0
3,0x,600,Success,0
4,0x,15,Success,0
5,0x,0,Success,0
6,0x,500,Success,1
7,0x,40000,Success,2
8,0x,26512,Revert_or_Error,0
1,0x,3000,Success,0
2,0x,60,Success,0
3,0x,600,Success,0
4,0x,15,Success,0
5,0x,0,Success,0
6,0x,500,Success,1
7,0x,40000,Success,2
8,0x,26488,Revert_or_Error,0
1,0x,3000,Success,0
2,0x,60,Success,0
3,0x,600,Success,0
4,0x,15,Success,0
5,0x,0,Success,0
6,0x,500,Success,1
7,0x,40000,Success,2
8,0x,26512,Revert_or_Error,0
1,0x,3000,Success,0
2,0x,60,Success,0
3,0x,600,Success,0
4,0x,15,Success,0
5,0x,0,Success,0
6,0x,500,Success,1
7,0x,40000,Success,2
8,0x,26488,Revert_or_Error,0
1,0x,3000,Success,0
2,0x,60,Success,0
3,0x,600,Success,0
4,0x,15,Success,0
5,0x,0,Success,0
6,0x,500,Success,1
7,0x,40000,Success,2
8,0x,26512,Revert_or_Error,0
1,0x,3000,Success,0
2,0x,60,Success,0
3,0x,600,Success,0
4,0x,15,Success,0
5,0x,0,Success,4
6,0x,0,Success,3
7,0x,0,Success,2
8,0x,0,Success,2
1,0x,3000,Success,0
2,0x,60,Success,0
3,0x,600,Success,0
4,0x,15,Success,0
5,0x,0,Success,2
6,0x,0,Success,3
7,0x,0,Success,2
8,0x,0,Success,2
1,0x,3000,Success,0
2,0x,60,Success,0
3,0x,600,Success,0
4,0x,15,Success,0
5,0x,0,Success,2
6,0x,0,Success,2
7,0x,0,Success,2
8,0x,0,Success,2
1,0x,3000,Success,0
2,0x,60,Success,0
3,0x,600,Success,0
4,0x,15,Success,0
5,0x,0,Success,0
6,0x,500,Success,1
7,0x,40000,Success,3
8,0x,26488,Revert_or_Error,0
1,0x,3000,Success,0
2,0x,60,Success,0
3,0x,600,Success,0
4,0x,15,Success,0
5,0x,0,Success,0
6,0x,500,Success,1
7,0x,40000,Success,2
8,0x,26512,Revert_or_Error,0
1,0x,3000,Success,0
2,0x,60,Success,0
3,0x,600,Success,0
4,0x,15,Success,0
5,0x,0,Success,0
6,0x,500,Success,1
7,0x,40000,Success,3
8,0x,26488,Revert_or_Error,0
1,0x,3000,Success,0
2,0x,60,Success,0
3,0x,600,Success,0
4,0x,15,Success,0
5,0x,0,Success,0
6,0x,500,Success,1
7,0x,40000,Success,2
8,0x,26512,Revert_or_Error,0
1,0x,3000,Success,0
2,0x,60,Success,0
3,0x,600,Success,0
4,0x,15,Success,0
5,0x,0,Success,0
6,0x,500,Success,1
7,0x,40000,Success,2
8,0x,26488,Revert_or_Error,0
1,0x,3000,Success,0
2,0x,60,Success,0
3,0x,600,Success,0
4,0x,15,Success,0
5,0x,0,Success,0
6,0x,500,Success,1
7,0x,40000,Success,2
8,0x,26512,Revert_or_Error,0
1,0x,3000,Success,0
2,0x,60,Success,0
3,0x,600,Success,0
4,0x,15,Success,0
5,0x,0,Success,0
6,0x,500,Success,1
7,0x,40000,Success,2
8,0x,26488,Revert_or_Error,0
1,0x,3000,Success,0
2,0x,60,Success,0
3,0x,600,Success,0
4,0x,15,Success,0
5,0x,0,Success,0
6,0x,500,Success,1
7,0x,40000,Success,2
8,0x,26512,Revert_or_Error,0
1,0x,3000,Success,0
2,0x,60,Success,1
3,0x,600,Success,0
4,0x,15,Success,0
5,0x,0,Success,0
6,0x,500,Success,2
7,0x,40000,Success,4
8,0x,26488,Revert_or_Error,0
1,0x,3000,Success,0
2,0x,60,Success,0
3,0x,600,Success,0
4,0x,15,Success,0
5,0x,0,Success,0
6,0x,500,Success,1
7,0x,40000,Success,3
8,0x,26512,Revert_or_Error,0
1,0x,3000,Success,0
2,0x,60,Success,0
3,0x,600,Success,0
4,0x,15,Success,0
5,0x,0,Success,0
6,0x,500,Success,1
7,0x,40000,Success,2
8,0x,26488,Revert_or_Error,0
1,0x,3000,Success,0
2,0x,60,Success,0
3,0x,600,Success,0
4,0x,15,Success,0
5,0x,0,Success,0
6,0x,500,Success,1
7,0x,40000,Success,2
8,0x,26512,Revert_or_Error,0
1,0x,3000,Success,0
2,0x,60,Success,0
3,0x,600,Success,0
4,0x,15,Success,0
5,0x,0,Success,3
6,0x,0,Success,3
7,0x,0,Success,3
8,0x,0,Success,4
1,0x,3000,Success,0
2,0x,60,Success,0
3,0x,600,Success,0
4,0x,15,Success,0
5,0x,0,Success,5
6,0x,0,Success,4
7,0x,0,Success,4
8,0x,0,Success,4
1,0x,3000,Success,0
2,0x,60,Success,0
3,0x,600,Success,0
4,0x,15,Success,0
5,0x,0,Success,3
6,0x,0,Success,3
7,0x,0,Success,3
8,0x,0,Success,3
1,0x,3000,Success,0
2,0x,60,Success,0
3,0x,600,Success,0
4,0x,15,Success,0
5,0x,0,Success,0
6,0x,500,Success,3
7,0x,40000,Success,6
8,0x,94145,Revert_or_Error,0
1,0x,3000,Success,0
2,0x,60,Success,0
3,0x,600,Success,0
4,0x,15,Success,0
5,0x,0,Success,0
6,0x,500,Success,1
7,0x,40000,Success,3
8,0x,94148,Revert_or_Error,0
1,0x,3000,Success,0
2,0x,60,Success,0
3,0x,600,Success,0
4,0x,15,Success,0
5,0x,0,Success,0
6,0x,500,Success,1
7,0x,40000,Success,3
8,0x,94145,Revert_or_Error,0
1,0x,3000,Success,0
2,0x,60,Success,0
3,0x,600,Success,0
4,0x,15,Success,0
5,0x,0,Success,0
6,0x,500,Success,1
7,0x,40000,Success,3
8,0x,94148,Revert_or_Error,0
1,0x,3000,Success,0
2,0x,60,Success,0
3,0x,600,Success,0
4,0x,15,Success,0
5,0x,0,Success,0
6,0x,500,Success,1
7,0x,40000,Success,4
8,0x,94145,Revert_or_Error,0
1,0x,3000,Success,0
2,0x,60,Success,0
3,0x,600,Success,0
4,0x,15,Success,0
5,0x,0,Success,0
6,0x,500,Success,1
7,0x,40000,Success,3
8,0x,94148,Revert_or_Error,0
1,0x,3000,Success,0
2,0x,60,Success,0
3,0x,600,Success,0
4,0x,15,Success,0
5,0x,0,Success,0
6,0x,500,Success,1
7,0x,40000,Success,3
8,0x,94145,Revert_or_Error,0
1,0x,3000,Success,0
2,0x,60,Success,0
3,0x,600,Success,0
4,0x,15,Success,0
5,0x,0,Success,0
6,0x,500,Success,1
7,0x,40000,Success,3
8,0x,94148,Revert_or_Error,0
1,0x,3000,Success,0
2,0x,60,Success,0
3,0x,600,Success,0
4,0x,15,Success,0
5,0x,0,Success,0
6,0x,500,Success,2
7,0x,40000,Success,4
8,0x,94145,Revert_or_Error,0
1,0x,3000,Success,0
2,0x,60,Success,0
3,0x,600,Success,0
4,0x,15,Success,0
5,0x,0,Success,0
6,0x,500,Success,3
7,0x,40000,Success,4
8,0x,94148,Revert_or_Error,0
1,0x,3000,Success,0
2,0x,60,Success,0
3,0x,600,Success,0
4,0x,15,Success,0
5,0x,0,Success,0
6,0x,500,Success,1
7,0x,40000,Success,3
8,0x,94145,Revert_or_Error,0
1,0x,3000,Success,0
2,0x,60,Success,0
3,0x,600,Success,0
4,0x,15,Success,0
5,0x,0,Success,0
6,0x,500,Success,2
7,0x,40000,Success,4
8,0x,94148,Revert_or_Error,0
1,0x,3000,Success,0
2,0x,60,Success,0
3,0x,600,Success,0
4,0x,15,Success,0
5,0x,0,Success,3
6,0x,0,Success,3
7,0x,0,Success,3
8,0x,0,Success,3
1,0x,3000,Success,0
2,0x,60,Success,0
3,0x,600,Success,0
4,0x,15,Success,0
5,0x,0,Success,3
6,0x,0,Success,2
7,0x,0,Success,3
8,0x,0,Success,3
1,0x,3000,Success,0
2,0x,60,Success,0
3,0x,600,Success,0
4,0x,15,Success,0
5,0x,0,Success,3
6,0x,0,Success,3
7,0x,0,Success,3
8,0x,0,Success,4
1,0x,3000,Success,0
2,0x,60,Success,0
3,0x,600,Success,0
4,0x,15,Success,0
5,0x,0,Success,0
6,0x,500,Success,1
7,0x,40000,Success,3
8,0x,26488,Revert_or_Error,0
1,0x,3000,Success,0
2,0x,60,Success,0
3,0x,600,Success,0
4,0x,15,Success,0
5,0x,0,Success,0
6,0x,500,Success,1
7,0x,40000,Success,2
8,0x,26512,Revert_or_Error,0
1,0x,3000,Success,0
2,0x,60,Success,0
3,0x,600,Success,0
4,0x,15,Success,0
5,0x,0,Success,0
6,0x,500,Success,1
7,0x,40000,Success,2
8,0x,26488,Revert_or_Error,0
1,0x,3000,Success,0
2,0x,60,Success,0
3,0x,600,Success,0
4,0x,15,Success,0
5,0x,0,Success,0
6,0x,500,Success,1
7,0x,40000,Success,2
8,0x,26512,Revert_or_Error,0
1,0x,3000,Success,0
2,0x,60,Success,0
3,0x,600,Success,0
4,0x,15,Success,0
5,0x,0,Success,0
6,0x,500,Success,1
7,0x,40000,Success,7
8,0x,26488,Revert_or_Error,0
1,0x,3000,Success,0
2,0x,60,Success,0
3,0x,600,Success,0
4,0x,15,Success,0
5,0x,0,Success,0
6,0x,500,Success,1
7,0x,40000,Success,2
8,0x,26512,Revert_or_Error,0
1,0x,3000,Success,0
2,0x,60,Success,0
3,0x,600,Success,0
4,0x,15,Success,0
5,0x,0,Success,0
6,0x,500,Success,1
7,0x,40000,Success,2
8,0x,26488,Revert_or_Error,0
1,0x,3000,Success,0
2,0x,60,Success,0
3,0x,600,Success,0
4,0x,15,Success,0
5,0x,0,Success,0
6,0x,500,Success,1
7,0x,40000,Success,2
8,0x,26512,Revert_or_Error,0
1,0x,3000,Success,0
2,0x,60,Success,0
3,0x,600,Success,0
4,0x,15,Success,0
5,0x,0,Success,0
6,0x,500,Success,1
7,0x,40000,Success,2
8,0x,26488,Revert_or_Error,0
1,0x,3000,Success,0
2,0x,60,Success,0
3,0x,600,Success,0
4,0x,15,Success,0
5,0x,0,Success,0
6,0x,500,Success,1
7,0x,40000,Success,2
8,0x,26512,Revert_or_Error,0
1,0x,3000,Success,0
2,0x,60,Success,0
3,0x,600,Success,0
4,0x,15,Success,0
5,0x,0,Success,0
6,0x,500,Success,1
7,0x,40000,Success,2
8,0x,26488,Revert_or_Error,0
1,0x,3000,Success,0
2,0x,60,Success,0
3,0x,600,Success,0
4,0x,15,Success,0
5,0x,0,Success,0
6,0x,500,Success,1
7,0x,40000,Success,2
8,0x,26512,Revert_or_Error,0
